longitude,latitude
27.58990142,53.91417578
27.58088450,53.93415978
27.59353250,53.93406378
27.58592350,53.93515578
27.58216000,53.93257428
27.58166550,53.93120128
27.59284964,53.90999913
27.58944896,53.90831912
27.58700510,53.91242063
27.68488733,53.94838623
27.68772191,53.95193830
27.68331720,53.94742908
27.43438750,53.91553878
27.55442000,53.92264428
27.42371708,53.92538479
27.42620696,53.89633896
27.55614199,53.92299195
27.59022650,53.90660178
27.59134950,53.90808178
27.59419750,53.91023796
27.55300050,53.92260228
27.55373750,53.92261228
27.55181450,53.92284028
27.55510250,53.92264928
27.55627050,53.91800978
27.55274050,53.92075678
27.55191142,53.92042262
27.55489254,53.91972912
27.55374442,53.91997299
27.55373369,53.92090395
27.60330650,53.91809478
27.58431550,53.90981578
27.58855600,53.91149228
27.58800800,53.91175178
27.59342450,53.90974678
27.59208650,53.90931612
27.59139450,53.90858028
27.59207750,53.90791178
27.59419750,53.91018728
27.59266150,53.90872378
27.58824150,53.90978428
27.58836750,53.91081328
27.58468450,53.91574028
27.58321100,53.91374628
27.58239350,53.91320028
27.58141450,53.91357628
27.58172850,53.91268028
27.58065950,53.91277528
27.57938450,53.91159828
27.59150250,53.91877878
27.58551050,53.91482278
27.58617550,53.91532628
27.58467550,53.91288128
27.58527750,53.91339628
27.58450450,53.90899378
27.58224950,53.91155028
27.58146850,53.91203828
27.58479200,53.90956678
27.58393850,53.91060628
27.58294150,53.91120578
27.58323750,53.91206478
27.58264500,53.91251578
27.58845750,53.90711078
27.58799900,53.90720628
27.58166550,53.90913678
27.58044450,53.90971528
27.58322900,53.90855378
27.58857350,53.91431328
27.58154950,53.91013978
27.58749600,53.91205428
27.58635550,53.91257928
27.58438750,53.91160328
27.58519650,53.91211778
27.58373200,53.91117378
27.58362450,53.91162478
27.58387550,53.91251578
27.58450450,53.91219728
27.58545650,53.91282328
27.59345150,53.91149228
27.59289450,53.91179428
27.59158350,53.91309378
27.59046950,53.91297178
27.59080150,53.91262728
27.59250850,53.91249978
27.59110750,53.91227178
27.59329900,53.91092978
27.59398150,53.91117378
27.59463750,53.91096178
27.59064187,53.91356962
27.58976296,53.91378596
27.59096350,53.91117663
27.59011569,53.91203348
27.58964279,53.91130096
27.58977023,53.91050245
27.58922569,53.90991646
27.58874450,53.90949546
27.59961414,53.91889328
27.60034478,53.91828878
27.60159223,53.91694312
30.407378,53.884214
30.408519,53.885230
30.418857,53.885582
30.417706,53.885216
30.416215,53.884905
30.413554,53.882294
30.413211,53.882883
30.411923,53.885425
30.408286,53.884005
30.292938,53.916273
30.291555,53.916188
30.288538,53.915908
30.285124,53.913272
30.284124,53.912969
30.283356,53.912298
30.281688,53.912504
30.284182,53.916719
30.283469,53.916203
30.284770,53.914364
30.282832,53.917138
30.28954433,53.91909683
30.346249,53.867605
30.344366,53.867671
30.344591,53.866984
30.346361,53.868519
30.346779,53.868943
30.346704,53.871448
30.351543,53.872494
30.352594,53.872139
30.351286,53.871828
30.347659,53.869444
30.347176,53.870579
30.342732,53.872516
30.344020,53.873365
30.338967,53.876806
30.341499,53.875083
30.352018,53.870888
30.348634,53.871439
30.346510,53.873024
30.343854,53.874730
30.341429,53.876448
30.341704,53.872155
30.340192,53.872447
30.341189,53.872459
30.340609,53.872992
30.339622,53.872764
30.216688,55.168553
30.215111,55.167607
30.213588,55.167380
30.214794,55.170200
30.218789,55.169285
30.217084,55.170132
30.219842,55.165796
55.166558,30.222857
30.221000,55.167332
30.222116,55.167663
30.223168,55.167497
30.222717,55.168363
30.223039,55.168984
30.223657,55.168744
30.220235,55.169696
30.221853,55.169423
30.215083,55.166641
23.85294923,53.68700565
27.640405,53.843826
27.649857,53.840053
27.650769,53.840445
27.636589,53.835122
27.636122,53.83475
27.637694,53.83509
27.638853,53.834724
27.640398,53.834872
27.651133,53.837008
27.651681,53.837402
27.651923,53.83789
27.651923,53.838406
27.650306,53.838772
27.649534,53.839102
27.649102,53.842911
27.646749,53.842252
27.647045,53.842677
27.647378,53.843081
27.646372,53.843506
27.646309,53.844244
27.643937,53.843602
27.64426,53.844011
27.644584,53.844414
27.643587,53.844855
27.643497,53.845588
27.641098,53.844946
27.641368,53.845371
27.641601,53.845817
27.641188,53.846476
27.640479,53.847193
27.62757,53.838533
27.641089,53.836886
27.635843,53.846561
27.635179,53.844027
27.634487,53.841445
27.636984,53.846651
27.636301,53.84409
27.635655,53.841556
27.648186,53.84154
27.63667,53.837545
27.637595,53.837901
27.647225,53.839888
27.638242,53.83772
27.644844,53.841014
27.635493,53.83754
27.636239,53.838533
27.640559,53.840451
27.638871,53.837864
27.645141,53.838523
27.644099,53.841323
27.64806,53.840148
27.634783,53.837917
27.636346,53.839371
27.637918,53.839081
27.641584,53.840515
27.639284,53.83865
27.644251,53.840658
27.618694,53.839362
27.635807,53.84052
27.638682,53.840669
27.639544,53.840409
27.632223,53.839378
27.639715,53.841115
27.634083,53.839086
27.633355,53.837938
27.634065,53.837928
27.640757,53.839341
27.643542,53.840414
27.642329,53.839054
27.645922,53.838703
27.650144,53.841099
27.649363,53.842189
27.645895,53.837826
27.641359,53.837859
27.643727,53.836698
27.643865,53.839293
27.644413,53.838331
27.642149,53.83797
27.652344,53.839439
27.651882,53.840749
27.638818,53.847772
27.648235,53.843629
27.645327,53.844984
27.638238,53.847544
27.643922,53.843060
27.642591,53.846294
27.640896,53.844492
27.638271,53.848095
27.608111,53.834919
27.609141,53.834874
27.610901,53.835204
27.611416,53.834634
27.613229,53.835324
27.613991,53.834773
27.614516,53.834786
27.617284,53.835438
27.618132,53.834678
27.618186,53.835735
27.619838,53.835261
27.618926,53.835837
27.619613,53.834627
27.620975,53.837052
27.620235,53.836470
27.621039,53.835273
27.623475,53.834659
27.623883,53.835134
27.624859,53.834735
27.624548,53.836027
27.625352,53.835932
27.626007,53.835374
27.626593,53.834627
27.632262,53.837473
27.631426,53.837524
27.634909,53.848474
27.633250,53.848627
27.635532,53.847537
27.634781,53.847474
27.633954,53.847271
27.633139,53.847220
27.634459,53.846422
27.634158,53.845910
27.632617,53.846032
27.634970,53.845063
27.634135,53.844898
27.633298,53.844822
27.632528,53.844739
27.633837,53.843878
27.633515,53.843372
27.631919,53.843449
27.634265,53.842397
27.633450,53.842347
27.632656,53.842182
27.631862,53.842169
27.632989,53.841276
27.632849,53.840789
27.631404,53.841132
27.631404,53.838784
27.631275,53.838151
27.626658,53.836071
27.627237,53.837710
27.627559,53.835533
27.626604,53.836045
27.614439,53.837092
27.613843,53.836226
27.616746,53.835396
27.616682,53.838553
27.615051,53.837958
27.613839,53.837913
27.614218,53.838134
27.616360,53.837736
27.613850,53.837097
27.615792,53.838192
27.614461,53.837844
27.616327,53.836978
27.615490,53.836997
27.635270,53.843434
27.636665,53.848511
27.636011,53.845979
27.634711,53.840812
27.611929,53.838873
27.612744,53.839392
27.613721,53.839348
27.614354,53.839386
27.615251,53.838654
27.615520,53.839223
27.617344,53.838438
27.619532,53.839396
27.618685,53.839440
27.646587,53.841767
27.617923,53.839390
27.618074,53.838992
27.618117,53.837637
27.619257,53.838297
27.620632,53.838611
27.620439,53.839193
27.621675,53.837765
27.621997,53.838620
27.647603,53.839543
27.649533,53.840703
27.622973,53.838582
27.623467,53.839374
27.624271,53.839431
27.625033,53.839361
27.624025,53.838949
27.623692,53.837664
27.624797,53.838361
27.626192,53.839133
27.626204,53.839180
27.637207,53.840668
27.641691,53.840974
27.642453,53.840632
27.642560,53.841334
27.643240,53.841203
27.650938,53.841581
27.643033,53.835415
27.641363,53.837448
27.643596,53.836036
27.643643,53.838606
27.642988,53.837660
23.851833,53.680111
23.858861,53.679778
23.86026,53.675194
23.857808,53.678618
23.856802,53.679087
23.857287,53.678164
23.856191,53.677066
23.859784,53.67753
23.860826,53.67762
23.861248,53.678047
23.859865,53.678159
23.861365,53.678703
23.859757,53.679071
23.860278,53.679668
23.645024,52.10681
23.655193,52.096941
23.752599,52.109160
23.752796,52.109425
23.753976,52.109869
23.757401,52.108582
23.754933,52.108503
23.756617,52.108219
23.753259,52.108774
23.753961,52.108254
23.755888,52.107578
23.753575,52.108024
23.754987,52.107360
23.753972,52.107090
23.753688,52.105943
23.752781,52.106119
23.752953,52.107548
23.752124,52.105747
23.757744,52.109939
23.758441,52.108827
23.756852,52.107344
23.757635,52.107489
23.758418,52.107489
23.759244,52.107668
23.757892,52.106717
23.758933,52.106816
23.757463,52.105593
23.758085,52.105970
23.759974,52.106221
23.755500,52.104159
23.753764,52.105242
23.753469,52.104595
23.752465,52.104582
23.752968,52.103611
23.751373,52.104218
23.751538,52.103280
23.752312,52.103412
23.757017,52.106233
23.759934,52.104898
23.759319,52.104781
23.754628,52.105946
23.757109,52.104365
23.754681,52.105051
23.750649,52.103142
27.586488,53.932999
27.583988,53.932542
27.586032,53.929903
27.589894,53.931207
27.585645,53.930549
27.589841,53.931859
27.588367,53.932097
27.588942,53.9325
27.5879,53.933258
27.590002,53.933693
27.590083,53.934244
27.59046,53.934933
27.591781,53.935622
27.579726,53.932728
27.583373,53.936709
27.584271,53.936709
27.583786,53.937181
27.584855,53.938453
27.585313,53.939094
27.588888,53.93426
27.589391,53.934774
27.589903,53.935342
27.593389,53.938522
27.59073,53.935596
27.584999,53.937356
27.587155,53.933211
27.586068,53.932628
27.58958,53.933439
27.589005,53.933582
27.586005,53.933465
27.585367,53.934043
27.584046,53.932521
27.582061,53.932601
27.585448,53.929383
27.585358,53.929807
27.58472,53.930746
27.583283,53.930019
27.583175,53.930443
27.583867,53.930549
27.580965,53.931095
27.582097,53.931822
27.582178,53.934891
27.585816,53.937992
27.592419,53.936439
27.59099,53.936015
27.550147,53.879838
30.215003,55.166270
30.214273,55.165999
30.214853,55.168468
30.213308,55.168235
30.215754,55.169439
30.214960,55.169205
30.213651,55.169303
30.214402,55.169598
30.212814,55.169766
30.219008,55.168194
30.218081,55.166267
30.218886,55.166316
30.219840,55.166826
30.216193,55.166135
30.215736,55.165561
30.326899,53.874891
30.326684,53.875708
30.326387,53.87635
30.325255,53.876653
30.323872,53.876956
30.328229,53.874705
30.328516,53.874084
30.326612,53.873102
30.324618,53.872056
30.316479,53.877879
30.317898,53.8778
30.318985,53.879201
30.318994,53.878405
30.320638,53.879764
30.323324,53.878378
30.320306,53.878256
30.320719,53.878925
30.322129,53.878766
30.322013,53.87987
30.31771,53.875432
30.318258,53.87574
30.318815,53.876
30.316416,53.876181
30.211583,55.164484
30.213214,55.165442
30.212248,55.165553
30.211342,55.165602
30.211647,55.166734
30.217849,55.163123
30.219136,55.162902
30.220639,55.162717
30.216991,55.164609
30.217206,55.164007
30.218821,55.163602
30.220001,55.163381
30.221535,55.163295
30.219754,55.164032
30.220838,55.163939
30.222007,55.164259
30.218960,55.164720
30.216073,55.164701
30.216170,55.164013
30.216729,55.163485
30.215271,55.164898
30.215028,55.164382
30.212839,55.164369
30.213891,55.163946
23.8054,53.69807
23.806101,53.707185
23.814482,53.706204
23.809397,53.705218
23.810098,53.705319
23.810718,53.70541
23.813916,53.710548
23.813664,53.709636
23.813682,53.707808
23.813332,53.707174
23.813997,53.707291
23.814482,53.709135
23.815308,53.707552
23.815677,53.706087
23.807897,53.706364
23.806837,53.706662
23.803343,53.701625
23.804097,53.701769
23.804924,53.701886
23.805651,53.702435
23.806388,53.700527
23.806658,53.699834
23.805885,53.69921
23.806927,53.699173
27.55742,53.884758
27.551779,53.882396
27.560331,53.879312
27.5584,53.881234
27.560097,53.881159
27.550099,53.87513
27.55521,53.884784
27.553504,53.884662
27.554007,53.882523
27.558624,53.874742
27.557384,53.875018
27.556729,53.88169
27.556729,53.88169
27.556441,53.877869
27.557798,53.877784
27.556738,53.878606
27.555435,53.880018
27.557106,53.879392
27.55486,53.8804
27.555408,53.880995
27.553046,53.881807
27.551626,53.881642
27.553674,53.883139
27.550899,53.878771
27.551878,53.878659
27.553055,53.878654
27.552489,53.878925
27.552264,53.879456
27.551563,53.879434
27.551123,53.879785
27.551303,53.880247
27.553432,53.876106
27.553962,53.876849
27.560187,53.876733
27.559693,53.875963
27.558696,53.87565
27.559001,53.87677
27.558202,53.876212
27.557492,53.877046
27.556351,53.876191
27.554896,53.878309
27.55371,53.878851
27.553315,53.878023
27.551096,53.878102
27.560133,53.874816
27.557941,53.878946
27.558938,53.878787
27.559999,53.878219
27.559612,53.880342
27.558202,53.880703
27.557106,53.883872
27.557627,53.88401
27.560798,53.883643
27.560115,53.883468
27.557932,53.883543
27.557295,53.88342
27.556333,53.883261
27.561391,53.882364
30.331765,53.879322
30.332655,53.879563
30.334087,53.880287
30.335042,53.880173
30.334431,53.881383
30.330783,53.880331
30.329731,53.880724
30.331770,53.881168
30.329667,53.879520
30.331153,53.882179
30.33617,53.879764
30.332703,53.88194
27.486382,53.847565
27.584271,53.906082
27.686508,53.943912
27.477587,53.845009
27.434802,53.910905
27.434513,53.910479
27.422907,53.915783
27.423922,53.915666
27.424434,53.916217
27.428737,53.926754
27.428063,53.925158
27.428907,53.924458
27.429015,53.914255
27.42482,53.928487
27.423356,53.926515
27.425871,53.928487
27.425503,53.92775
30.315543,53.877009
30.336898,53.866513
30.334787,53.866407
30.333471,53.867891
30.328031,53.870101
30.329082,53.870994
30.334077,53.868265
30.327941,53.869672
30.329747,53.871339
23.727794,52.11233
23.735394,52.114736
23.751681,52.115769
23.750321,52.115445
23.748626,52.116079
23.748959,52.115233
23.744072,52.114913
23.740775,52.114354
23.739059,52.11416
23.736894,52.113558
23.737119,52.114371
23.735286,52.113729
23.735754,52.113121
23.73464,52.113215
23.733589,52.113049
23.732376,52.112645
23.730094,52.112562
23.731118,52.112706
23.728962,52.112164
23.813826,53.699354
23.805193,53.709466
23.803648,53.705644
23.804277,53.705762
23.805104,53.70549
23.802121,53.703475
23.802867,53.703859
23.803612,53.704232
23.804358,53.704626
23.804376,53.703885
23.803091,53.702841
23.802921,53.708384
23.80354,53.707041
23.804169,53.707925
23.803684,53.706572
23.809802,53.699019
23.802427,53.708922
23.798151,53.70849
23.798896,53.707664
23.79913,53.707995
23.797962,53.707499
23.797028,53.707499
23.795995,53.707472
30.991674,52.442220
30.992702,52.442613
30.993711,52.442531
30.994827,52.442454
30.992380,52.446725
30.991598,52.446602
30.992681,52.446087
30.993073,52.445277
30.991509,52.444931
30.994208,52.444154
30.992261,52.444366
30.993435,52.444053
30.993712,52.443521
30.992723,52.443579
30.994556,52.443385
30.991711,52.441647
30.991522,52.441224
30.993332,52.441210
30.999168,52.440448
31.001775,52.440690
31.000239,52.440377
30.327813,53.873349
30.325849,53.872332
30.323935,53.871344
30.325886,53.918162
30.325006,53.917843
30.324577,53.91815
30.329045,53.9167
30.329925,53.915799
30.328788,53.915306
30.327919,53.915208
30.329062,53.916159
30.328373,53.915866
30.327592,53.915708
30.325804,53.915291
30.325804,53.915291
30.326819,53.915682
30.286339,53.914437
30.285629,53.914889
30.286463,53.915221
30.285355,53.915554
30.28458,53.916
30.250248,53.931217
30.250312,53.930349
30.250258,53.932503
30.250682,53.933495
30.341714,53.865652
30.340584,53.864970
30.339898,53.864564
30.339168,53.864197
30.338396,53.863841
30.285331,53.917654
30.286527,53.918232
30.287911,53.914911
30.287257,53.914551
30.28849,53.91537
30.283282,53.913265
30.282321,53.912997
30.334982,53.867740
30.332986,53.865343
30.333072,53.866662
30.331431,53.866411
30.328244,53.868628
30.326477,53.869502
30.327097,53.870343
30.336071,53.863582
30.336807,53.86336
30.337561,53.863548
30.334514,53.864435
30.335519,53.867309
30.333587,53.866155
30.332600,53.867081
30.332193,53.867373
30.330282,53.868400
30.329059,53.869503
30.322676,53.872051
30.323268,53.873617
30.323405,53.874573
30.321342,53.873062
30.319878,53.873883
30.320968,53.874544
30.322314,53.874952
30.253252,53.933395
30.254325,53.932863
30.256728,53.932508
30.255519,53.932710
30.255419,53.931774
30.257372,53.931850
30.257466,53.931066
30.343826,53.867237
30.330383,53.871678
30.330708,53.872236
30.331582,53.872274
30.332995,53.872921
30.336626,53.872097
30.336103,53.872418
30.335560,53.875647
30.334551,53.874987
30.333543,53.874189
30.326674,53.879104
30.342015,53.866794
30.339878,53.867137
30.340400,53.867644
30.344942,53.868544
30.344255,53.868937
30.342861,53.867872
30.339075,53.867567
30.342861,53.868823
30.341466,53.869001
30.338667,53.869013
30.342010,53.870068
30.337117,53.869876
30.340832,53.870144
30.339673,53.869954
30.335770,53.869812
30.335341,53.871270
30.339266,53.871273
30.338299,53.871355
30.338585,53.872477
30.333447,53.872197
30.337276,53.872426
30.332470,53.872084
30.335646,53.873733
30.329500,53.875183
30.328083,53.875779
30.336182,53.875263
30.326517,53.877237
30.326674,53.879104
30.323770,53.877744
30.327461,53.879682
30.323491,53.879217
27.585367,53.839128
27.584954,53.837975
27.584819,53.838591
27.583894,53.838591
27.583696,53.837992
27.583175,53.837725
27.582501,53.838443
27.583319,53.839192
27.580651,53.839123
27.579753,53.83847
27.578468,53.838379
27.577992,53.838698
27.576716,53.838295
27.576851,53.837652
27.575207,53.838528
27.57297,53.839118
27.571587,53.839032
27.568371,53.838379
27.56842,53.837749
27.566619,53.838619
27.486285,53.880137
27.4860,53.8788
27.485474,53.878336
27.483588,53.878814
27.482205,53.8779
27.481558,53.879048
27.485412,53.846694
27.485043,53.846842
27.484594,53.846608
27.48189,53.847485
27.481468,53.845929
27.483381,53.845296
27.482851,53.845509
27.482474,53.845296
27.485124,53.848223
27.477587,53.845009
27.480561,53.849429
27.480857,53.850279
27.477479,53.850534
27.593122,53.856936
27.593552,53.856473
27.594013,53.856016
27.594356,53.855496
27.600889,53.849164
27.600482,53.848898
27.593015,53.857602
27.598958,53.857327
27.599167,53.856468
27.599596,53.856785
27.596156,53.854607
27.597898,53.854268
27.599318,53.854539
27.600539,53.853471
27.598725,53.8526
27.599776,53.852148
27.599163,53.850617
27.59992,53.849211
27.675737,53.949905
27.677487,53.947822
27.675952,53.948853
27.675297,53.949301
27.678424,53.950048
27.677229,53.949259
27.427365,53.880958
27.427828,53.88128
27.429186,53.881297
27.429094,53.88209
27.429312,53.882699
27.430338,53.882305
27.430103,53.881786
27.435492,53.882858
27.436085,53.882147
27.4637,53.9190
27.464687,53.919622
27.461534,53.91968
27.462423,53.92038
27.459692,53.920285
27.459597,53.92136
27.457568,53.9213
27.458422,53.921739
27.553458,53.919087
27.552579,53.919473
27.549596,53.925259
27.549641,53.924214
27.55133,53.921982
27.632583,53.834669
27.634654,53.835259
27.634622,53.834808
27.631808,53.836794
27.631261,53.836508
27.633826,53.836166
27.633042,53.836045
27.632259,53.836089
27.632582,53.835242
27.631424,53.835128
27.432801,53.886823
27.433998,53.886497
27.418803,53.885852
27.419125,53.886164
27.420608,53.885893
27.421144,53.885644
27.422807,53.885195
27.42226,53.885665
27.421991,53.886196
27.420454,53.886721
27.421164,53.886472
27.423976,53.88722
27.436309,53.885522
27.43719,53.885198
27.435467,53.885233
27.436911,53.884328
27.437914,53.883914
27.437612,53.883118
27.438321,53.882418
27.555444,53.912951
27.696659,53.943625
27.695737,53.945421
27.425477,53.900116
27.426197,53.899762
27.425156,53.899262
27.426004,53.898934
27.425285,53.898377
27.424341,53.898276
27.423601,53.897821
27.424416,53.896835
27.423611,53.896847
27.687321,53.940921
27.68888,53.941819
27.687838,53.94202
27.689114,53.942593
27.688864,53.943568
27.686188,53.943298
27.579147,53.908898
27.578359,53.908491
27.579739,53.908658
27.577919,53.908172
27.451313,53.863478
27.449689,53.864369
27.449848,53.862504
27.449668,53.865053
27.451518,53.86278
27.451675,53.864728
27.451015,53.865287
27.452746,53.862227
27.453052,53.865353
27.452671,53.863239
27.452702,53.866060
27.451829,53.865913
27.451229,53.866499
27.581082,53.835614
27.582262,53.835227
27.582187,53.835855
27.564747,53.838658
27.566116,53.83738
27.568434,53.836748
27.567458,53.83633
27.570096,53.835957
27.5728,53.835797
27.575764,53.835844
27.576842,53.836503
27.577345,53.836923
27.577704,53.835993
27.578181,53.836312
27.579211,53.835735
27.579456,53.835341
27.580247,53.83507
27.58089,53.834866
27.583031,53.834984
27.584064,53.83475
27.585655,53.834767
27.586678,53.835059
27.584972,53.835532
27.58357,53.835516
27.584298,53.836206
27.582555,53.836706
27.58357,53.837019
27.585089,53.837163
27.584837,53.836721
27.587272,53.836052
27.586822,53.837125
27.586813,53.838002
27.427353,53.908177
27.598971,53.86
27.599754,53.860152
27.600505,53.860431
27.601299,53.860596
27.602018,53.860862
27.594844,53.857199
27.595509,53.857645
27.595536,53.858951
27.595572,53.858325
27.596623,53.858521
27.596695,53.857592
27.597422,53.85875
27.60062,53.858877
27.60177,53.858888
27.601654,53.859334
27.601977,53.859913
27.602947,53.860651
27.609692,53.862828
27.609832,53.862208
27.610776,53.862265
27.61039,53.861512
27.611473,53.862284
27.611,53.863638
27.612739,53.864106
27.613115,53.863524
27.614381,53.863663
27.61289,53.862746
27.613866,53.862955
27.616055,53.862449
27.615797,53.863056
27.616548,53.863163
27.61496,53.863765
27.61511,53.86472
27.423158,53.883792
27.419332,53.885432
27.418217,53.884604
27.418328,53.883946
27.419583,53.884625
27.420264,53.88534
27.419223,53.882332
27.421312,53.881444
27.420248,53.881664
27.420482,53.882433
27.421279,53.882203
27.421864,53.882571
27.422571,53.882001
27.422268,53.881425
27.42274,53.884027
27.584011,53.904702
27.583184,53.904326
27.562676,53.845275
27.56502,53.845285
27.566215,53.845063
27.688772,53.953355
27.6887,53.952375
27.691562,53.950476
27.691602,53.948915
27.691162,53.949524
27.692671,53.949227
27.691691,53.948321
27.547778,53.925115
27.547413,53.925831
27.546443,53.925147
27.425731,53.90095
27.426658,53.900476
27.427515,53.900697
27.429875,53.900356
27.431068,53.900305
27.429759,53.899711
27.428311,53.89949
27.428869,53.900685
27.431399,53.900773
27.432785,53.900685
27.695922,53.942047
27.695471,53.942452
27.692862,53.943225
27.692047,53.942921
27.691188,53.942661
27.694264,53.942362
27.695011,53.941184
27.690955,53.941262
27.69117,53.940231
27.689706,53.940577
27.688682,53.940547
27.690014,53.94003
27.433321,53.925002
27.428818,53.925603
27.431594,53.925153
27.429866,53.925046
27.427872,53.924639
27.432244,53.923874
27.430597,53.923846
27.428257,53.923328
27.427513,53.922906
27.432292,53.922753
27.42654,53.922993
27.431068,53.922904
27.426809,53.923574
27.42962,53.914892
27.428413,53.914952
27.427839,53.914122
27.425881,53.915085
27.429845,53.913736
27.428102,53.913739
27.422968,53.913945
27.428499,53.912933
27.424137,53.914435
27.427641,53.912706
27.426322,53.914248
27.427850,53.912273
27.425323,53.914453
27.429489,53.91215
27.425478,53.913698
27.422624,53.912643
27.423762,53.913123
27.425916,53.912855
27.428419,53.911505
27.425061,53.913077
27.429832,53.911131
27.425061,53.912317
27.429382,53.910658
27.422521,53.911402
27.428514,53.910772
27.423827,53.911793
27.427238,53.910955
27.424775,53.911725
27.425521,53.911151
27.427346,53.909726
27.426691,53.909047
27.486867,53.850194
27.488232,53.850194
27.488187,53.84944
27.486912,53.84944
27.48966,53.848468
27.487504,53.848002
27.485558,53.845892
27.484796,53.845556
27.484163,53.845886
27.483525,53.844675
27.482636,53.844265
27.482034,53.844542
27.481486,53.843633
27.480559,53.843715
27.479181,53.844346
27.478216,53.843465
27.47712,53.844026
27.620078,53.960801
27.619026,53.96123
27.619601,53.96034
27.618067,53.960795
27.616237,53.959393
27.615398,53.962642
27.612855,53.963108
27.613962,53.961805
27.613394,53.961143
27.613173,53.960566
27.612307,53.961095
27.611881,53.9607
27.610549,53.96236
27.609433,53.962221
27.608339,53.962171
27.606083,53.962282
27.607636,53.959845
27.606234,53.959697
27.605916,53.960504
27.617263,53.96032
27.60487,53.959935
27.604884,53.960732
27.613512,53.959456
27.603297,53.959771
27.610176,53.959163
27.601841,53.959585
27.608856,53.958383
27.438138,53.916453
27.439696,53.916419
27.441798,53.916647
27.441656,53.917534
27.445581,53.917809
27.447301,53.918027
27.450541,53.918343
27.452074,53.918312
27.454146,53.918197
27.455465,53.918052
27.456961,53.918524
27.458794,53.918371
27.458803,53.917522
27.460591,53.917188
27.460106,53.918042
27.461894,53.917904
27.462092,53.916934
27.607331,53.85141
27.601878,53.850273
27.601087,53.851458
27.618901,53.854602
27.619404,53.855819
27.620185,53.854947
27.620904,53.85585
27.423859,53.896383
27.424444,53.896295
27.426292,53.896942
27.425478,53.897359
27.424808,53.897856
27.43087,53.896282
27.486772,53.877776
27.487271,53.878198
27.48621,53.877078
27.484702,53.877067
27.4834,53.8773
27.472869,53.924052
27.474239,53.925177
27.4744,53.926336
27.47308,53.926697
27.473864,53.926456
27.470589,53.924372
27.47192,53.924334
27.471587,53.925968
27.471866,53.926291
27.472027,53.926677
27.47222,53.926994
27.473636,53.92745
27.470345,53.928059
27.470978,53.927825
27.470215,53.92964
27.469303,53.929747
27.471137,53.929488
27.468639,53.929627
27.468381,53.92904
27.46865,53.928641
27.471643,53.92816
27.471107,53.928534
27.473115,53.929835
27.472664,53.929499
27.472969,53.928719
27.473635,53.928605
27.473205,53.928003
27.472435,53.927583
27.473862,53.928007
27.474849,53.92838
27.475063,53.928026
27.475342,53.927336
27.475943,53.927734
27.476626,53.927522
27.473787,53.929108
27.475418,53.928784
27.476437,53.928652
27.477443,53.928508
27.474194,53.929721
27.475063,53.929632
27.475997,53.929559
27.476759,53.928995
27.476824,53.929489
27.683978,53.950809
27.684514,53.949821
27.684056,53.949429
27.684258,53.947742
27.685739,53.947059
27.432705,53.899566
27.433569,53.900046
27.428045,53.883771
27.432452,53.882151
27.427914,53.884151
27.42933,53.883437
27.429293,53.883946
27.428889,53.884392
27.431737,53.883537
27.433228,53.883606
27.431089,53.884961
27.432569,53.884859
27.431037,53.886108
27.431099,53.887199
27.433697,53.897075
27.433923,53.898172
27.432673,53.897426
27.431508,53.897473
27.430641,53.897111
27.429701,53.897107
27.429156,53.898041
27.433708,53.898684
27.433866,53.899092
27.431251,53.899518
27.432308,53.900233
27.430017,53.898915
27.435398,53.915199
27.434937,53.914479
27.43366,53.91469
27.433542,53.914087
27.435218,53.913692
27.434759,53.913155
27.433054,53.913648
27.433606,53.9127
27.435027,53.912238
27.434501,53.911676
27.432878,53.912266
27.433718,53.911284
27.432613,53.910475
27.440494,53.923266
27.439705,53.922077
27.440658,53.920937
27.439856,53.920646
27.439174,53.921138
27.439636,53.919262
27.438964,53.919834
27.438439,53.919309
27.438148,53.918553
27.439226,53.918191
27.439231,53.917648
27.438069,53.9176663
27.584424,53.907774
27.586822,53.907058
27.586117,53.907245
27.58543,53.907498
27.581882,53.908167
27.58057,53.908813
27.57871,53.909678
27.422238,53.925533
27.422856,53.923893
27.417164,53.91549
27.417861,53.91524
27.417475,53.914747
27.415635,53.914305
27.416816,53.914011
27.417764,53.913945
27.419449,53.914008
27.417202,53.913335
27.415694,53.912791
27.41944,53.912908
27.417517,53.912452
27.418541,53.911964
27.417859,53.911434
27.416509,53.916352
27.417925,53.916024
27.419052,53.916036
27.441746,53.924548
27.442653,53.922888
27.443095,53.923993
27.446181,53.921756
27.445956,53.922003
27.447179,53.92161
27.446973,53.921049
27.450934,53.919526
27.44885,53.918349
27.564742,53.841105
27.566215,53.841126
27.56684,53.841653
27.565424,53.841604
27.563987,53.841662
27.568416,53.841997
27.568838,53.841264
27.57059,53.841885
27.450791,53.922809
27.451934,53.922298
27.450143,53.922231
27.451878,53.921266
27.449103,53.923871
27.45018,53.92135
27.449685,53.923392
27.449712,53.921175
27.448293,53.923281
27.4493,53.921536
27.448084,53.92238
27.583892,53.90532
27.583526,53.905816
27.583175,53.906294
27.58431392,53.90615831
27.583803,53.906856
27.582054,53.904045
27.581089,53.904921
27.579806,53.905641
27.579438,53.905917
27.578998,53.906209
27.576765,53.907871
27.482285,53.851171
27.480084,53.851054
27.478872,53.851219
27.477721,53.851346
27.489185,53.878081
27.488735,53.878744
27.486498,53.879339
27.674195,53.945138
27.673942,53.947138
27.674543,53.946594
27.686556,53.948096
27.687137,53.947464
27.667706,53.946991
27.669368,53.946816
27.671399,53.947584
27.670447,53.947097
27.670527,53.946583
27.670093,53.945742
27.673698,53.945762
27.674034,53.944853
27.67527,53.945613
27.676259,53.945841
27.676213,53.946524
27.68296,53.948777
27.684898,53.949331
27.686006,53.949889
27.686041,53.948774
27.688639,53.95135
27.68902,53.951798
27.689215,53.9483
27.690183,53.949621
27.689999,53.951387
27.687371,53.953185
27.686584,53.952886
27.685359,53.952666
27.684325,53.952353
27.67412,53.94954
27.674336,53.948882
27.673097,53.948782
27.670307,53.948627
27.670895,53.948119
27.669521,53.947537
27.668488,53.947982
27.614283,53.95707
27.607419,53.958112
27.60854,53.958096
27.609424,53.957891
27.611995,53.958172
27.618303,53.957051
27.620089,53.956821
27.559945,53.845211
27.561131,53.844755
27.562676,53.844627
27.563942,53.845036
27.564993,53.844579
27.56731,53.84449
27.560439,53.843724
27.560943,53.84262
27.562739,53.841216
27.452789,53.922911
27.452713,53.923334
27.587631,53.90667
27.587285,53.906139
27.586759,53.906437
27.586813,53.905524
27.586167,53.905615
27.586337,53.904819
27.4504,53.8632
27.4488,53.8630
27.4487,53.8620
27.459468,53.856334
27.459594,53.855999
27.460511,53.856142
27.460690,53.855865
27.461534,53.8561
27.461614,53.855858
27.46254,53.856249
27.46264,53.855893
27.4496,53.8611
27.45053,53.860603
27.451624,53.860253
27.452688,53.860709
27.453845,53.85976
27.454704,53.859171
27.454285,53.858697
27.455594,53.857811
27.4582,53.8565
27.4653,53.8569
27.4669,53.8569
27.468705,53.857013
27.446964,53.924612
27.445581,53.924728
27.445994,53.924012
27.442609,53.925505
27.446507,53.922898
27.443819,53.924755
27.444983,53.92334
27.443954,53.922639
27.444791,53.922393
27.444684,53.921893
27.443298,53.921594
27.446214,53.920648
27.445509,53.920592
27.448562,53.919585
27.454383,53.923462
27.455257,53.922846
27.453635,53.919276
27.45477,53.918996
27.423501,53.88616
27.424327,53.885567
27.425222,53.885657
27.426777,53.885651
27.425978,53.885176
27.426896,53.885104
27.425736,53.88749
27.426105,53.886663
27.424847,53.886489
27.42477,53.88386
27.4261,53.883879
27.424952,53.883304
27.545113,53.927628
27.545721,53.926572
27.610508,53.854814
27.612724,53.856973
27.61193,53.856631
27.605856,53.85565
27.605802,53.856113
27.617127,53.857355
27.617717,53.857697
27.616419,53.857962
27.610079,53.851687
27.612032,53.85227
27.609231,53.852315
27.610261,53.852359
27.610744,53.852765
27.610133,53.853209
27.609532,53.853577
27.616325,53.853758
27.609854,53.854142
27.609049,53.854859
27.616143,53.854693
27.608244,53.854345
27.615137,53.854199
27.607193,53.854319
27.613152,53.854618
27.607708,53.853729
27.61396,53.85499
27.607418,53.853063
27.612855,53.855728
27.606292,53.853476
27.614074,53.855745
27.614954,53.855155
27.60225,53.854633
27.614921,53.855834
27.615748,53.856233
27.607046,53.855293
27.615883,53.855627
27.608923,53.856206
27.61697,53.855739
27.616682,53.85636
27.604633,53.855555
27.614742,53.856647
27.604751,53.856228
27.611544,53.85696
27.606682,53.85617
27.611913,53.857633
27.613168,53.857849
27.607969,53.856665
27.614456,53.857627
27.607411,53.856107
27.613973,53.858007
27.608763,53.856938
27.615164,53.858266
27.606821,53.856817
27.614275,53.858904
27.60709,53.857471
27.612236,53.858325
27.606854,53.858023
27.61157,53.858734
27.60518,53.857769
27.610439,53.858224
27.605384,53.857357
27.610186,53.859551
27.602423,53.857642
27.611205,53.859241
27.606199,53.858968
27.612235,53.85976
27.603365,53.858446
27.612568,53.859374
27.604771,53.858826
27.60343,53.859511
27.604245,53.860076
27.610304,53.860272
27.604492,53.859664
27.611312,53.860943
27.605368,53.85958
27.610036,53.860854
27.608512,53.860683
27.605733,53.860373
27.609349,53.861253
27.605175,53.861103
27.608137,53.861791
27.692572,53.947584
27.69073,53.947017
27.693717,53.944137
27.689104,53.947102
27.692787,53.945036
27.690227,53.944243
27.577219,53.909705
27.576177,53.908972
27.458399,53.860619
27.458265,53.861315
27.464543,53.857782
27.464757,53.858485
27.464454,53.859143
27.466502,53.858208
27.465748,53.858846
27.452988,53.863885
27.4541,53.8633
27.45427,53.862445
27.454184,53.861732
27.4558,53.8624
27.45662,53.861917
27.467463,53.858479
27.46917,53.857863
27.473931,53.844562
27.460765,53.857501
27.460635,53.858341
27.457707,53.857157
27.4595,53.8578
27.4620,53.8587
27.458004,53.858959
27.4582,53.8598
27.4596,53.8592
27.4595,53.8607
27.4603,53.8604
27.4609,53.8600
27.580609,53.90767
27.581027,53.90741
27.579708,53.907251
27.579879,53.906605
27.580812,53.905779
27.58207,53.906055
27.581352,53.9057
27.621964,53.960221
27.622514,53.959327
27.61965,53.957894
27.621017,53.957948
27.575243,53.836513
27.575586,53.837288
27.573719,53.836463
27.572378,53.836418
27.571799,53.837059
27.573301,53.837154
27.571874,53.837611
27.573644,53.838316
27.571253,53.842754
27.569933,53.842697
27.569461,53.843236
27.569622,53.843795
27.568377,53.843839
27.568227,53.845089
23.801827,53.702477
23.798573,53.70606
23.797468,53.705942
23.79648,53.705921
23.79899,53.704526
23.797917,53.704461
23.796995,53.704369
23.799459,53.703035
23.798483,53.70299
23.797423,53.702915
23.800217,53.700388
23.799992,53.699679
23.800567,53.698922
23.801158,53.698046
23.802454,53.699302
23.801971,53.698379
23.802765,53.698481
23.803559,53.69864
31.021013,52.445381
31.020026,52.445384
31.019586,52.445574
31.019415,52.445982
31.018835,52.446117
31.018454,52.446159
31.018074,52.446153
31.01765,52.446254
31.01729,52.446332
31.017097,52.446529
31.017387,52.446973
31.0175,52.44731
31.017553,52.447555
31.016883,52.446914
31.016448,52.446947
31.016035,52.44694
31.015627,52.447019
31.01544,52.447271
31.015536,52.447689
31.029400,52.454357
31.02773,52.454238
31.027204,52.455532
31.026989,52.454754
31.025262,52.453858
31.025793,52.454162
31.019833,52.455715
31.019973,52.456068
31.02038,52.454748
31.026217,52.451733
31.025326,52.451714
31.021995,52.447732
31.029489,52.459161
31.028529,52.459183
31.03246,52.456736
31.03245,52.456735
31.029582,52.458492
31.025873,52.457055
31.025927,52.457572
31.025895,52.457984
31.02951,52.457775
31.027601,52.456859
31.028570,52.456301
31.027510,52.459115
31.026957,52.45885
31.032493,52.45616
31.032611,52.456415
31.028427,52.458487
31.026803,52.458224
31.027107,52.457781
31.026903,52.457206
31.029221,52.457209
31.028008,52.456349
31.029232,52.456689
31.03142,52.454872
31.030551,52.455022
31.032343,52.455467
31.031131,52.455552
31.029897,52.455598
31.022145,52.457484
31.023266,52.457513
31.022606,52.45714
31.028046,52.454797
31.024141,52.457905
31.028336,52.455359
31.024173,52.457474
31.029478,52.454898
31.024194,52.457033
31.028663,52.454146
31.023041,52.456663
31.022295,52.456343
31.026946,52.454283
31.022108,52.455833
31.027912,52.453669
31.021496,52.455617
31.026474,52.453545
31.020187,52.456624
31.025203,52.453456
31.021090,52.454783
31.025514,52.453116
31.019935,52.453973
31.024951,52.45257
31.024736,52.452237
31.022907,52.454989
31.022376,52.454205
31.02258,52.453695
31.022258,52.453041
31.023569,52.454422
31.023596,52.453955
31.023529,52.453422
31.023349,52.452886
31.022751,52.452247
31.022231,52.451825
31.022977,52.45173
31.02259,52.451531
31.021619,52.449867
31.019452,52.449474
31.020364,52.449402
31.018513,52.447609
31.019678,52.447356
31.019887,52.448412
31.020117,52.448029
31.021512,52.448013
31.020724,52.447176
31.02008,52.446515
31.021743,52.446954
31.021126,52.446358
31.020895,52.45886
31.0195,52.458664
31.017816,52.457386
31.017013,52.457099
31.017067,52.456758
31.017435,52.456539
31.022912,52.458219
31.021711,52.458598
31.018825,52.456474
31.019125,52.456984
31.019935,52.457425
31.01905,52.458101
31.01935,52.454793
31.028019,52.452989
31.028309,52.452198
31.021724,52.450664
31.027536,52.451766
31.021367,52.450673
31.026367,52.452185
31.02096,52.450648
31.020595,52.450069
31.01971,52.450439
31.021338,52.451585
31.019399,52.449961
31.020659,52.451328
31.018173,52.450268
31.020201,52.451277
31.018251,52.449406
31.019527,52.451259
31.017011,52.450086
31.018948,52.453496
31.017194,52.449736
31.019495,52.452397
31.017006,52.44952
31.019259,52.451871
31.016781,52.449223
31.019125,52.455513
31.016175,52.449026
31.017891,52.455493
31.015601,52.44938
31.018290,52.455970
31.015815,52.449769
31.017260,52.455793
31.031088,52.458847
31.032145,52.458650
31.032193,52.459288
31.031646,52.459664
31.030701,52.459435
30.215091,55.158704
30.213834,55.159327
30.214006,55.159837
30.212847,55.160119
30.212356,55.158086
30.213182,55.157914
30.213374,55.160958
30.211067,55.161345
30.211733,55.161081
30.21125,55.158945
30.211502,55.158309
30.211663,55.158684
30.21022,55.158851
30.210628,55.159023
30.210615,55.16218
30.206516,55.159013
30.206151,55.159603
30.205154,55.15929
30.20554,55.158559
30.20437,55.159591
30.204628,55.160186
30.204209,55.160592
30.20531,55.161213
30.206995,55.159948
30.206609,55.160599
30.207542,55.160801
30.21081,55.159929
30.210397,55.159784
30.214194,55.15846
30.212718,55.159726
30.212045,55.157441
30.210622,55.161681
30.211529,55.159244
30.210444,55.162628
30.205729,55.160709
30.207885,55.160218
30.121278,55.169587
30.120828,55.170121
30.119532,55.169678
30.122254,55.170177
30.123027,55.170447
30.12351,55.171073
30.209443,55.160787
30.206246,55.161918
30.205763,55.16209
30.202912,55.162657
30.202719,55.162596
30.202537,55.162761
30.218886,55.161356
30.217792,55.161086
30.220002,55.161454
30.217464,55.161513
30.216745,55.162066
30.215726,55.161993
30.215715,55.161409
30.212251,55.162448
30.211179,55.162828
30.121317,55.164401
30.120143,55.164685
30.11964,55.163841
30.122776,55.164297
30.117562,55.164702
30.124205,55.170673
30.124208,55.169732
30.124937,55.169898
30.125602,55.170144
30.124734,55.168578
30.125605,55.169283
30.125224,55.171281
30.126171,55.170444
30.127294,55.168526
30.126162,55.167477
30.119616,55.16512
30.11478,55.165759
30.207293,55.157201
30.206939,55.156703
30.20913,55.156211
30.20912,55.156210
30.20911,55.156209
30.209193,55.155656
30.211554,55.156715
30.209612,55.15704
30.210589,55.157028
30.210031,55.156359
30.215266,55.159856
30.216568,55.159619
30.216879,55.160124
30.217602,55.160527
30.208655,55.156285
30.209496,55.15605
30.209912,55.155484
30.211286,55.156229
30.212813,55.156885
30.214233,55.1589
30.21576,55.158133
30.216434,55.158673
30.217584,55.159033
30.217718,55.159465
30.218814,55.160226
30.219651,55.160716
30.220262,55.161133
23.783112,52.101134
23.783649,52.100975
23.784175,52.100889
23.786922,52.099054
23.787137,52.099364
23.78596,52.100121
23.786095,52.100587
23.785323,52.10083
23.786661,52.100299
23.787254,52.100061
23.787443,52.100382
23.787029,52.100996
23.786374,52.101074
23.786877,52.101549
23.787604,52.101007
23.787784,52.101311
23.787416,52.10187
23.786939,52.102086
23.786338,52.101992
23.786284,52.101787
23.786212,52.10265
23.786939,52.102628
23.650766,52.101765
23.651914,52.101884
23.652108,52.101183
23.652728,52.100294
23.652047,52.099949
23.65165,52.100399
23.65225,52.099596
23.645318,52.106077
23.648877,52.101051
23.65018,52.100161
23.64974,52.099613
23.650019,52.098999
23.651051,52.097373
23.654066,52.096434
23.651534,52.096705
23.650386,52.09687
23.652531,52.097174
23.654645,52.097743
23.781161,52.101661
23.784668,52.103016
23.78557,52.102309
23.785065,52.102587
23.784819,52.102104
23.784422,52.101919
23.784057,52.101827
23.783789,52.102223
23.78352,52.101682
23.782844,52.1018
23.782512,52.102065
23.782115,52.102521
23.782244,52.101609
23.7819,52.101424
23.781549,52.101353
23.781013,52.101194
23.780337,52.101307
23.779897,52.101571
23.779645,52.102042
23.64921,52.101862
23.64921,52.101914
23.650763,52.102355
23.653381,52.102804
23.786269,52.099317
23.785619,52.099314
23.784841,52.099209
23.783256,52.099016
23.783023,52.098617
23.783966,52.098684
23.651997,52.105063
23.653315,52.102088
23.654255,52.101536
23.65224,52.106186
23.651303,52.106068
23.652776,52.105422
23.654678,52.102452
23.655049,52.101549
23.654392,52.100849
23.654456,52.100294
